[
    {
        "pk": 1,
        "model": "resources.audience",
        "fields": {
            "audience": "Community Members & Citizens"
        }
    },
    {
        "pk": 2,
        "model": "resources.audience",
        "fields": {
            "audience": "CS Project Leaders & Initiators"
        }
    },
    {
        "pk": 3,
        "model": "resources.audience",
        "fields": {
            "audience": "CSOs & NGOs"
        }
    },
    {
        "pk": 4,
        "model": "resources.audience",
        "fields": {
            "audience": "Educators"
        }
    },
    {
        "pk": 5,
        "model": "resources.audience",
        "fields": {
            "audience": "Policy & Decision Makers"
        }
    },
    {
        "pk": 6,
        "model": "resources.audience",
        "fields": {
            "audience": "Researchers & Academics"
        }
    },
    {
        "pk": 7,
        "model": "resources.audience",
        "fields": {
            "audience": "ALL Audiences"
        }
    }
]