[
    {
        "pk": 1,
        "model": "resources.category",
        "fields": {
            "text":"Collection"
        }
    },
    {
        "pk": 2,
        "model": "resources.category",
        "fields": {
            "text":"Dataset"
        }
    },
    {
        "pk": 3,
        "model": "resources.category",
        "fields": {
            "text":"Event"
        }
    },
    {
        "pk": 4,
        "model": "resources.category",
        "fields": {
            "text":"Image"
        }
    },
    {
        "pk": 5,
        "model": "resources.category",
        "fields": {
            "text":"Text"
        }
    },
    {
        "pk": 6,
        "model": "resources.category",
        "fields": {
            "text":"Report",
            "parent": 5
        }
    },
    {
        "pk": 7,
        "model": "resources.category",
        "fields": {
            "text":"Project Deliverable",
            "parent": 5
        }
    },
    {
        "pk": 8,
        "model": "resources.category",
        "fields": {
            "text":"Guideline",
            "parent": 5
        }
    },
    {
        "pk": 9,
        "model": "resources.category",
        "fields": {
            "text":"Project Brief",
            "parent": 5
        }
    },
    {
        "pk": 10,
        "model": "resources.category",
        "fields": {
            "text":"Scientific Publication",
            "parent": 5
        }
    },
    {
        "pk": 11,
        "model": "resources.category",
        "fields": {
            "text":"White Paper / Green Paper",
            "parent": 5
        }
    },
    {
        "pk": 12,
        "model": "resources.category",
        "fields": {
            "text":"Book",
            "parent": 5
        }
    },
    {
        "pk": 13,
        "model": "resources.category",
        "fields": {
            "text":"Other",
            "parent": 5
        }
    },
    {
        "pk": 14,
        "model": "resources.category",
        "fields": {
            "text":"Interactive Resource (Website)"
        }
    },
    {
        "pk": 15,
        "model": "resources.category",
        "fields": {
            "text":"Physical Object (Hardware)"
        }
    },
    {
        "pk": 16,
        "model": "resources.category",
        "fields": {
            "text":"Moving Image (Video)"
        }
    },
    {
        "pk": 17,
        "model": "resources.category",
        "fields": {
            "text":"Service"
        }
    },
    {
        "pk": 18,
        "model": "resources.category",
        "fields": {
            "text":"Software"
        }
    },
    {
        "pk": 19,
        "model": "resources.category",
        "fields": {
            "text":"Sound"
        }
    },
    {
        "pk": 20,
        "model": "resources.category",
        "fields": {
            "text":"Still Image"
        }
    }
]
