[
    {
        "model": "resources.theme",
        "fields": {
            "theme": "Introduction to CS"
        }
    },
    {
        "model": "resources.theme",
        "fields": {
            "theme": "Best practices"
        }
    },
    {
        "model": "resources.theme",
        "fields": {
            "theme": "Project management"
        }
    },
    {
        "model": "resources.theme",
        "fields": {
            "theme": "Research design and methods"
        }
    },
    {
        "model": "resources.theme",
        "fields": {
            "theme": "Engagement"
        }
    },
    {
        "model": "resources.theme",
        "fields": {
            "theme": "Co-creation"
        }
    },
    {
        "model": "resources.theme",
        "fields": {
            "theme": "Communication"
        }
    },
    {
        "model": "resources.theme",
        "fields": {
            "theme": "Event planning"
        }
    },
    {
        "model": "resources.theme",
        "fields": {
            "theme": "CS stories"
        }
    },
    {
        "model": "resources.theme",
        "fields": {
            "theme": "Empowerment"
        }
    },
    {
        "model": "resources.theme",
        "fields": {
            "theme": "Data quality and standards"
        }
    },
    {
        "model": "resources.theme",
        "fields": {
            "theme": "Instructions"
        }
    },
    {
        "model": "resources.theme",
        "fields": {
            "theme": "Link with formal education"
        }
    },
    {
        "model": "resources.theme",
        "fields": {
            "theme": "Regulations and ethics"
        }
    },
    {
        "model": "resources.theme",
        "fields": {
            "theme": "Impact"
        }
    },
    {
        "model": "resources.theme",
        "fields": {
            "theme": "Evaluation of citizen science"
        }
    },
    {
        "model": "resources.theme",
        "fields": {
            "theme": "Project sustainability"
        }
    },
    {
        "model": "resources.theme",
        "fields": {
            "theme": "Transferability"
        }
    },
    {
        "model": "resources.theme",
        "fields": {
            "theme": "Reflections on science"
        }
    },
    {
        "model": "resources.theme",
        "fields": {
            "theme": "Other"
        }        
    }
]