[

				{
								"model": "projects.difficultyLevel",
								"fields": {
												"difficultyLevel": "Not Indicated"
								}
				},

				{
								"model": "projects.difficultyLevel",
								"fields": {
												"difficultyLevel": "Easy"
								}
				},
				{
								"model": "projects.difficultyLevel",
								"fields": {
												"difficultyLevel": "Medium"
								}
				},
				{
								"model": "projects.difficultyLevel",
								"fields": {
												"difficultyLevel": "Hard"
								}
				}
]
