[
    {
        "model": "projects.geographicextend",
        "fields": {
            "geographicextend": "Global"
        }
    },
    {
        "model": "projects.geographicextend",
        "fields": {
            "geographicextend": "Macro-regional"
        }
    },
    {
        "model": "projects.geographicextend",
        "fields": {
            "geographicextend": "National"
        }
    },
    {
        "model": "projects.geographicextend",
        "fields": {
            "geographicextend": "Sub-national"
        }
    },
    {
        "model": "projects.geographicextend",
        "fields": {
            "geographicextend": "Regional"
        }
    },
    {
        "model": "projects.geographicextend",
        "fields": {
            "geographicextend": "City"
        }
    },
    {
        "model": "projects.geographicextend",
        "fields": {
            "geographicextend": "Neighbourhood"
        }
    }
]
