[
				{
								"model": "projects.hasTag",
								"fields": {
												"hasTag": "Fees applicable"
								}
				},
				{
								"model": "projects.hasTag",
								"fields": {
												"hasTag": "Suitable for children"
								}
				},
				{
								"model": "projects.hasTag",
								"fields": {
												"hasTag": "Teaching materials available"
								}
				},
				{
								"model": "projects.hasTag",
								"fields": {
												"hasTag": "Do-it-yourself"
								}
				},
				{
								"model": "projects.hasTag",
								"fields": {
												"hasTag": "Participate from home"
								}
				}

]
