[
    {
        "model": "projects.participationtask",
        "fields": {
            "participationtask": "Annotation"
        }
    },
    {
        "model": "projects.participationtask",
        "fields": {
            "participationtask": "Audio or video recording"
        }
    },
    {
        "model": "projects.participationtask",
        "fields": {
            "participationtask": "Classification or tagging"
        }
    },
    {
        "model": "projects.participationtask",
        "fields": {
            "participationtask": "DIY hacking/making"
        }
    },
    {
        "model": "projects.participationtask",
        "fields": {
            "participationtask": "Data analysis"
        }
    },
    {
        "model": "projects.participationtask",
        "fields": {
            "participationtask": "Data Entry"
        }
    },
    {
        "model": "projects.participationtask",
        "fields": {
            "participationtask": "Download software for distributed computing"
        }
    },
    {
        "model": "projects.participationtask",
        "fields": {
            "participationtask": "Finding entities"
        }
    },
    {
        "model": "projects.participationtask",
        "fields": {
            "participationtask": "Geolocation"
        }
    },
    {
        "model": "projects.participationtask",
        "fields": {
            "participationtask": "Identification"
        }
    },
    {
        "model": "projects.participationtask",
        "fields": {
            "participationtask": "Learning"
        }
    },
    {
        "model": "projects.participationtask",
        "fields": {
            "participationtask": "Measurement"
        }
    },
    {
        "model": "projects.participationtask",
        "fields": {
            "participationtask": "Observation"
        }
    },
    {
        "model": "projects.participationtask",
        "fields": {
            "participationtask": "Photography"
        }
    },
    {
        "model": "projects.participationtask",
        "fields": {
            "participationtask": "Problem solving"
        }
    },
    {
        "model": "projects.participationtask",
        "fields": {
            "participationtask": "Sample analysis"
        }
    },
    {
        "model": "projects.participationtask",
        "fields": {
            "participationtask": "Site selection and/or description"
        }
    },
    {
        "model": "projects.participationtask",
        "fields": {
            "participationtask": "Specimen/sample collection"
        }
    },
    {
        "model": "projects.participationtask",
        "fields": {
            "participationtask": "Transcription"
        }
    },
    {
        "model": "projects.participationtask",
        "fields": {
            "participationtask": "Other"
        }
    }
]
