[
    {
        "model": "projects.status",
        "fields": {
            "status": "Not yet started"
        }
    },
    {
        "model": "projects.status",
        "fields": {
            "status": "Active"
        }
    },
    {
        "model": "projects.status",
        "fields": {
            "status": "Periodically active"
        }
    },
    {
        "model": "projects.status",
        "fields": {
            "status": "On hold"
        }
    },
    {
        "model": "projects.status",
        "fields": {
            "status": "Completed"
        }
    },
    {
        "model": "projects.status",
        "fields": {
            "status": "Abandoned"
        }
    }
]